k;d;avg;% of mispr
1;0;30.974312;0.00085
1;1;32.59472;0.0006
1;2;32.512314;0.000475
1;3;32.49318;0.00036
1;4;34.10675;0.000367
1;5;35.874666;0.000329
1;6;37.175868;0.000325
1;7;37.750414;0.000256
1;8;38.574362;0.00025
1;9;45.773776;0.000264
1;10;42.954062;0.000258
2;0;30.957192;0.00075
2;1;31.786248;0.0005
2;2;32.5009;0.000525
2;3;31.955234;0.00056
2;4;33.61954;0.000317
2;5;36.03836;0.000286
2;6;37.245462;0.0003
2;7;38.3274;0.000444
2;8;38.56309;0.00028
2;9;45.007312;0.000264
2;10;42.711594;0.000267
3;0;30.923458;0.0015
3;1;32.316712;0.000833
3;2;32.437218;0.000975
3;3;32.302282;0.00084
3;4;34.29631;0.000483
3;5;36.271798;0.000671
3;6;36.403076;0.000537
3;7;38.317788;0.000467
3;8;40.21691;0.00046
3;9;44.213742;0.000482
3;10;39.6156;0.000425
4;0;30.443468;0.0026
4;1;32.278354;0.001267
4;2;32.47677;0.001075
4;3;32.866002;0.0008
4;4;34.42893;0.00085
4;5;36.19688;0.000671
4;6;36.442942;0.000962
4;7;37.763932;0.000533
4;8;40.937564;0.00047
4;9;44.494968;0.000609
4;10;39.715224;0.000433
5;0;30.427226;0.00355
5;1;32.180806;0.001367
5;2;32.330882;0.001175
5;3;32.432174;0.00102
5;4;34.411658;0.000617
5;5;36.14354;0.000643
5;6;36.01991;0.000625
5;7;38.000146;0.000567
5;8;40.707126;0.00195
5;9;44.176164;0.000682
5;10;39.090558;0.000625
6;0;31.020232;0.01875
6;1;31.798544;0.0015
6;2;31.975016;0.001075
6;3;32.428096;0.00084
6;4;33.923366;0.000533
6;5;35.982066;0.000786
6;6;35.467334;0.001387
6;7;37.953598;0.0007
6;8;40.411984;0.0005
6;9;43.941102;0.000518
6;10;38.647658;0.0004
7;0;30.643082;0.0034
7;1;32.172884;0.001867
7;2;32.331566;0.001
7;3;32.343266;0.00096
7;4;34.479068;0.000867
7;5;35.588858;0.001014
7;6;35.690428;0.00055
7;7;37.930642;0.000711
7;8;40.83928;0.00055
7;9;43.747366;0.000527
7;10;38.2084;0.000767
8;0;30.501934;0.00305
8;1;31.586206;0.001833
8;2;32.375324;0.00125
8;3;32.495442;0.00162
8;4;34.530022;0.000733
8;5;35.865954;0.000914
8;6;42.765896;1.566055
8;7;37.296216;0.001578
8;8;40.320416;0.00053
8;9;43.66735;0.000545
8;10;38.139954;0.000425
9;0;30.239308;0.00255
9;1;31.3161;0.001133
9;2;32.419836;0.0235
9;3;32.403612;0.00098
9;4;34.48452;0.000817
9;5;35.582318;0.000757
9;6;41.842372;1.389456
9;7;37.71155;0.001711
9;8;39.898332;0.00058
9;9;43.69353;0.0005
9;10;38.540804;0.000392
10;0;30.239194;0.0022
10;1;31.375172;0.001233
10;2;32.25756;0.001825
10;3;31.898236;0.00164
10;4;33.96865;0.000983
10;5;35.495138;0.0012
10;6;41.436496;1.250556
10;7;42.360416;1.128806
10;8;40.056982;0.00094
10;9;42.643844;0.000509
10;10;44.073228;0.841864
11;0;30.394742;0.0024
11;1;32.061106;0.001267
11;2;36.255072;2.273552
11;3;32.426586;0.00096
11;4;34.01305;0.000833
11;5;35.802862;0.001186
11;6;40.443738;1.136907
11;7;37.324006;0.000456
11;8;40.212912;0.00054
11;9;45.359818;0.827924
11;10;43.704438;0.757922
12;0;30.586346;0.0021
12;1;31.6306;0.002633
12;2;31.806176;0.001475
12;3;32.493278;0.00132
12;4;38.678152;1.398341
12;5;39.726234;1.194307
12;6;35.513554;0.0006
12;7;37.729162;0.000622
12;8;43.754794;0.836027
12;9;45.12264;0.757925
12;10;43.28156;0.694773
13;0;30.770798;0.0022
13;1;31.162588;0.002633
13;2;31.899882;0.001225
13;3;32.463788;0.00088
13;4;38.346072;1.284291
13;5;39.745698;1.101137
13;6;35.538526;0.000562
13;7;41.43931;0.870174
13;8;44.174138;0.769887
13;9;44.768628;0.699861
13;10;42.838554;0.641348
14;0;30.339486;0.00205
14;1;34.46424;2.388568
14;2;31.845732;0.004025
14;3;31.997908;0.00104
14;4;37.722272;1.200292
14;5;34.88475;0.000686
14;6;39.558058;0.893996
14;7;41.397372;0.794163
14;8;43.256304;0.714767
14;9;44.70789;0.649679
14;10;42.474846;0.59554
15;0;30.37656;0.00255
15;1;30.867778;0.0016
15;2;32.31103;0.001175
15;3;32.454216;0.00096
15;4;37.949168;1.119493
15;5;35.10939;0.000657
15;6;39.16984;0.833896
15;7;41.032836;0.741086
15;8;42.912762;0.666997
15;9;44.660246;0.606434
15;10;42.042046;0.555906
16;0;30.161502;0.00435
16;1;31.55699;0.001767
16;2;32.343902;0.0013
16;3;32.50896;0.00116
16;4;34.532044;0.00065
16;5;38.952526;0.895781
16;6;38.27651;0.781734
16;7;41.056418;0.694808
16;8;42.15717;0.625307
16;9;44.578866;0.568562
16;10;42.25529;0.521148
17;0;30.766236;0.003
17;1;32.048492;0.001567
17;2;32.351058;0.001
17;3;31.9718;0.00082
17;4;34.696332;0.000617
17;5;39.133574;0.840838
17;6;38.916214;0.735846
17;7;40.672008;0.653953
17;8;43.188968;0.588678
17;9;44.126764;0.53528
17;10;41.259474;0.49054
18;0;30.499806;0.00295
18;1;31.342396;0.001467
18;2;31.925484;0.022975
18;3;32.473632;0.00096
18;4;36.54915;0.93156
18;5;38.792842;0.794195
18;6;38.333602;0.695009
18;7;39.947872;0.617708
18;8;42.620596;0.555978
18;9;43.076716;0.505416
18;10;40.943796;0.463365
19;0;30.213172;0.00345
19;1;31.495246;0.001233
19;2;31.99633;0.0229
19;3;32.519274;0.00076
19;4;37.166806;0.877761
19;5;38.39514;0.752353
19;6;38.491738;0.658309
19;7;40.00035;0.585231
19;8;42.033946;0.526788
19;9;44.085512;0.478835
19;10;41.050142;0.438907
20;0;30.676698;0.00255
20;1;30.9141;0.0014
20;2;32.299512;0.000975
20;3;32.096132;0.00096
20;4;36.811322;0.833811
20;5;38.272604;0.714896
20;6;38.340792;0.625522
20;7;40.11609;0.556109
20;8;42.824432;0.500588
20;9;44.341268;0.454862
20;10;40.71647;0.416974
21;0;33.410838;2.382452
21;1;32.06647;0.0017
21;2;32.370462;0.00945
21;3;34.600184;0.955692
21;4;37.106384;0.794411
21;5;38.24589;0.680825
21;6;37.21159;0.59571
21;7;40.436528;0.529564
21;8;41.620774;0.476708
21;9;44.02187;0.433217
21;10;41.031356;0.397124
22;0;33.231768;2.273905
22;1;31.184796;0.002133
22;2;31.727724;0.001475
22;3;34.228434;0.909773
22;4;36.77955;0.758178
22;5;37.641404;0.649896
22;6;37.667082;0.568622
22;7;39.544178;0.505498
22;8;41.944822;0.454968
22;9;43.534436;0.413517
22;10;40.176046;0.379074
23;0;33.288898;2.362103
23;1;31.58102;0.001433
23;2;32.315586;0.00115
23;3;34.86233;0.870133
23;4;36.040068;0.725145
23;5;37.037204;0.621696
23;6;37.551322;0.543922
23;7;39.97279;0.483476
23;8;41.492774;0.435188
23;9;44.097814;0.395617
23;10;40.775668;0.362699
24;0;30.207366;0.0022
24;1;31.194198;0.0021
24;2;32.125822;0.001025
24;3;34.27677;0.834113
24;4;36.528526;0.694995
24;5;37.274622;0.595868
24;6;37.672764;0.521285
24;7;39.920198;0.463376
24;8;41.648198;0.417048
24;9;43.348892;0.379099
24;10;41.139348;0.347582
25;0;30.556572;0.0022
25;1;31.155286;0.002
25;2;32.300092;0.0009
25;3;35.076632;0.800794
25;4;36.397316;0.667196
25;5;37.652764;0.57184
25;6;37.215514;0.500497
25;7;38.903192;0.445054
25;8;42.799014;0.400388
25;9;43.302482;0.364017
25;10;40.515408;0.333674
26;0;30.52595;0.002
26;1;31.296048;0.0013
26;2;34.162248;0.96664
26;3;34.689988;0.769994
26;4;36.285088;0.641562
26;5;37.715766;0.550054
26;6;37.638454;0.481173
26;7;39.81964;0.427731
26;8;40.891868;0.385248
26;9;43.58135;0.350026
26;10;40.63805;0.320799
27;0;30.5904;0.00245
27;1;31.541648;0.002533
27;2;34.135596;0.926716
27;3;34.00087;0.741294
27;4;36.208028;0.617879
27;5;37.734662;0.529611
27;6;37.851582;0.46356
27;7;39.4179;0.411932
27;8;41.517582;0.370789
27;9;43.72493;0.337062
27;10;40.315862;0.308974
28;0;30.591832;0.0027
28;1;31.31676;0.001467
28;2;34.077496;0.893591
28;3;34.851992;0.715134
28;4;36.201046;0.595796
28;5;37.197664;0.510726
28;6;37.514242;0.446823
28;7;39.344018;0.397209
28;8;41.38474;0.357589
28;9;43.503072;0.325008
28;10;40.850074;0.297932
29;0;30.211128;0.00245
29;1;31.38288;0.001333
29;2;33.914868;0.862791
29;3;34.207834;0.690354
29;4;35.84566;0.575313
29;5;37.096704;0.49354
29;6;36.662732;0.43156
29;7;39.515796;0.383609
29;8;41.787904;0.345139
29;9;43.778672;0.313844
29;10;40.122454;0.287666
30;0;30.474598;0.00215
30;1;31.316324;0.001333
30;2;33.415444;0.834267
30;3;34.230766;0.667235
30;4;35.70641;0.55628
30;5;37.399356;0.476712
30;6;37.214306;0.417098
30;7;38.645076;0.370765
30;8;41.664136;0.333649
30;9;43.135392;0.303308
30;10;39.713128;0.278199
31;0;30.582612;0.00225
31;1;31.973288;0.001233
31;2;33.684972;0.807092
31;3;34.031544;0.645835
31;4;35.98915;0.538296
31;5;37.683878;0.461412
31;6;37.371152;0.403723
31;7;39.197324;0.35881
31;8;40.991672;0.323059
31;9;43.844732;0.293608
31;10;39.991346;0.269232
32;0;30.435552;0.002
32;1;31.290708;0.0012
32;2;33.016718;0.782142
32;3;34.47906;0.625635
32;4;36.078028;0.52138
32;5;37.394874;0.446869
32;6;36.77812;0.391111
32;7;38.914458;0.347665
32;8;40.665492;0.312879
32;9;43.404572;0.284426
32;10;39.851846;0.260707
33;0;29.531142;0.002
33;1;31.235544;0.001267
33;2;33.792312;0.758242
33;3;34.19604;0.606595
33;4;35.538274;0.50568
33;5;37.45948;0.43344
33;6;37.093264;0.379198
33;7;39.00273;0.337221
33;8;41.26239;0.303569
33;9;43.197982;0.275763
33;10;39.99344;0.252874
34;0;30.457946;0.00225
34;1;33.307528;1.276716
34;2;33.719458;0.736018
34;3;33.382094;0.588975
34;4;35.380942;0.49078
34;5;36.658614;0.42064
34;6;36.602168;0.368098
34;7;39.249488;0.327343
34;8;40.389642;0.294479
34;9;43.317346;0.26769
34;10;39.75103;0.245408
35;0;30.602942;0.0023
35;1;32.876534;0.976387
35;2;33.629022;0.714868
35;3;33.572918;0.571995
35;4;35.46095;0.47673
35;5;37.261008;0.408755
35;6;36.485848;0.357523
35;7;39.315778;0.317821
35;8;41.54844;0.286169
35;9;43.214632;0.260208
35;10;39.66882;0.238391
36;0;30.332592;0.00275
36;1;32.829956;0.926754
36;2;33.705128;0.695343
36;3;33.855554;0.556216
36;4;35.41124;0.46338
36;5;36.243734;0.397783
36;6;36.919208;0.347686
36;7;38.772168;0.309032
36;8;41.288658;0.278159
36;9;42.83309;0.252899
36;10;39.41428;0.231741
37;0;30.596464;0.0022
37;1;32.768058;0.901888
37;2;33.515478;0.676468
37;3;33.902028;0.541136
37;4;35.546388;0.450964
37;5;37.238082;0.386555
37;6;36.618918;0.338248
37;7;39.575436;0.300788
37;8;40.605402;0.270689
37;9;42.64425;0.24609
37;10;39.647434;0.225583
38;0;32.207804;1.897962
38;1;32.757758;0.878222
38;2;33.479172;0.658568
38;3;34.77385;0.526856
38;4;35.782142;0.438997
38;5;36.678722;0.376441
38;6;36.814826;0.329386
38;7;38.92968;0.292743
38;8;41.655172;0.263569
38;9;43.333062;0.239608
38;10;39.605476;0.219574
39;0;32.233428;1.392822
39;1;32.632514;0.855689
39;2;33.456012;0.641844
39;3;34.438726;0.513536
39;4;35.728628;0.42788
39;5;37.018468;0.366812
39;6;36.464764;0.320961
39;7;38.941706;0.285321
39;8;41.03955;0.256779
39;9;43.139866;0.233481
39;10;39.56571;0.213991
40;0;31.954882;1.252525
40;1;32.815848;0.834456
40;2;33.319886;0.625819
40;3;34.014436;0.500556
40;4;35.143752;0.417164
40;5;37.12611;0.357669
40;6;36.92767;0.312848
40;7;38.861058;0.278221
40;8;40.990136;0.250349
40;9;41.901114;0.227617
40;10;39.47766;0.208683
41;0;32.234006;1.430221
41;1;32.647716;0.813789
41;2;32.819402;0.610819
41;3;33.692036;0.488416
41;4;34.892494;0.406931
41;5;37.108192;0.349041
41;6;36.536084;0.305323
41;7;38.230526;0.27141
41;8;40.26025;0.244299
41;9;43.110092;0.222145
41;10;39.137578;0.203641
42;0;32.288004;1.661517
42;1;32.585046;0.794656
42;2;33.381642;0.596119
42;3;33.749106;0.476756
42;4;35.32239;0.397264
42;5;37.02187;0.340855
42;6;36.543488;0.298074
42;7;38.562044;0.26491
42;8;41.154922;0.238529
42;9;43.568822;0.216845
42;10;39.155422;0.198741
43;0;32.333898;1.602218
43;1;32.876908;0.77609
43;2;32.799536;0.582169
43;3;33.45502;0.465696
43;4;35.748898;0.388131
43;5;36.93317;0.332712
43;6;36.65989;0.291124
43;7;38.515374;0.258721
43;8;40.289912;0.233039
43;9;43.399944;0.211936
43;10;38.839686;0.194116
44;0;32.107424;1.341923
44;1;32.469618;0.75849
44;2;33.231976;0.569094
44;3;33.34681;0.455236
44;4;35.116336;0.379264
44;5;36.675942;0.32517
44;6;36.753676;0.284499
44;7;37.990634;0.252899
44;8;41.083904;0.227779
44;9;42.788088;0.206972
44;10;38.858948;0.189733
45;0;31.649548;1.440721
45;1;32.63269;0.741723
45;2;32.483452;0.556319
45;3;33.862654;0.444976
45;4;35.306712;0.370964
45;5;36.550762;0.317998
45;6;36.796988;0.278249
45;7;38.78458;0.247321
45;8;40.560698;0.222589
45;9;43.115942;0.202408
45;10;39.406826;0.185508
46;0;31.521282;1.252975
46;1;32.50723;0.725557
46;2;32.813204;0.54422
46;3;33.757676;0.435397
46;4;35.623748;0.362814
46;5;35.909548;0.311027
46;6;35.925428;0.272174
46;7;38.791244;0.242021
46;8;41.350664;0.217739
46;9;42.433452;0.197981
46;10;39.058032;0.181416
47;0;30.538722;0.00195
47;1;32.678566;0.710124
47;2;33.511314;0.53262
47;3;33.2458;0.426097
47;4;34.754448;0.355048
47;5;35.803262;0.30447
47;6;36.560312;0.266349
47;7;38.544746;0.236788
47;8;40.371078;0.213159
47;9;42.692458;0.193727
47;10;39.248146;0.177616
48;0;31.14828;1.047079
48;1;32.448966;0.695424
48;2;33.088574;0.521445
48;3;33.418038;0.417297
48;4;34.704144;0.347931
48;5;36.21279;0.298098
48;6;36.525936;0.260849
48;7;38.797122;0.231866
48;8;40.384326;0.208689
48;9;43.084678;0.189708
48;10;39.061956;0.173983
49;0;31.76882;1.02203
49;1;32.385768;0.681191
49;2;32.58145;0.510845
49;3;34.422418;0.408697
49;4;34.895402;0.340748
49;5;36.10432;0.292098
49;6;36.498732;0.255524
49;7;38.49134;0.227132
49;8;40.055786;0.204609
49;9;42.897812;0.185899
49;10;39.064714;0.170374
50;0;31.71735;1.00148
50;1;32.31133;0.667358
50;2;32.99105;0.50107
50;3;34.527314;0.400597
50;4;35.265416;0.333848
50;5;36.113908;0.286184
50;6;36.247088;0.250374
50;7;38.602082;0.222621
50;8;40.538842;0.200379
50;9;42.980932;0.182118
50;10;38.933906;0.167008
51;0;31.815896;0.98213
51;1;32.436992;0.654491
51;2;33.176476;0.491095
51;3;33.63878;0.392677
51;4;35.117136;0.327264
51;5;36.26343;0.280627
51;6;36.193582;0.245524
51;7;38.318886;0.218232
51;8;41.034404;0.196529
51;9;42.09823;0.178627
51;10;39.258582;0.163708
52;0;31.56224;0.963081
52;1;32.229202;0.642258
52;2;32.5194;0.48162
52;3;34.371578;0.385237
52;4;35.18684;0.320965
52;5;36.235258;0.275156
52;6;35.97792;0.240761
52;7;38.278244;0.21401
52;8;40.61991;0.192849
52;9;42.905002;0.175172
52;10;38.658464;0.160741
53;0;31.53591;0.944481
53;1;32.341308;0.629725
53;2;33.059312;0.472345
53;3;33.642636;0.378037
53;4;35.084194;0.314981
53;5;36.153664;0.270041
53;6;36.417762;0.236249
53;7;37.743864;0.210066
53;8;40.60113;0.189029
53;9;43.768014;0.171863
53;10;38.677346;0.157508
54;0;31.58724;0.927181
54;1;31.910076;0.618158
54;2;33.000512;0.46362
54;3;33.158888;0.371057
54;4;34.96179;0.309081
54;5;35.692902;0.26497
54;6;35.989838;0.231936
54;7;38.11417;0.206199
54;8;40.264492;0.185519
54;9;42.568126;0.16869
54;10;39.061128;0.154591
55;0;31.472262;0.910432
55;1;31.809104;0.607192
55;2;32.564508;0.45532
55;3;33.43319;0.364317
55;4;34.619434;0.303565
55;5;35.951302;0.260241
55;6;35.931852;0.227661
55;7;38.245284;0.202432
55;8;41.022718;0.182119
55;9;43.031078;0.165554
55;10;38.664186;0.151816
56;0;31.09852;0.894032
56;1;32.312944;0.596325
56;2;33.43773;0.447171
56;3;33.837238;0.357837
56;4;35.243898;0.298131
56;5;36.133786;0.255556
56;6;36.396912;0.223611
56;7;38.692714;0.198855
56;8;40.072334;0.178949
56;9;43.165414;0.162708
56;10;38.7241;0.149183
57;0;31.659328;0.878482
57;1;31.665358;0.586026
57;2;32.964644;0.439396
57;3;33.279842;0.351477
57;4;35.324784;0.292915
57;5;36.079766;0.251141
57;6;36.371414;0.219786
57;7;38.683176;0.195244
57;8;40.335036;0.175849
57;9;42.7807;0.159781
57;10;38.69246;0.146483
58;0;31.5809;0.863433
58;1;32.078136;0.575659
58;2;32.938148;0.431896
58;3;33.758442;0.345757
58;4;35.181802;0.287865
58;5;36.009782;0.24677
58;6;35.887206;0.215899
58;7;38.217792;0.192044
58;8;39.954204;0.172749
58;9;42.423654;0.157281
58;10;38.890542;0.143958
59;0;31.785038;0.848883
59;1;32.21269;0.565926
59;2;32.399524;0.424396
59;3;34.075894;0.339597
59;4;34.795752;0.282998
59;5;36.110608;0.242627
59;6;35.51686;0.212336
59;7;38.39275;0.188777
59;8;40.439766;0.169869
59;9;43.28509;0.154463
59;10;38.856474;0.141541
60;0;31.696836;0.834583
60;1;32.181404;0.556459
60;2;32.956472;0.417371
60;3;34.030262;0.334177
60;4;35.40137;0.278281
60;5;36.003794;0.23857
60;6;36.184962;0.208736
60;7;38.33833;0.185533
60;8;40.28881;0.167039
60;9;43.178046;0.151863
60;10;38.537996;0.139191
61;0;31.543606;0.820834
61;1;32.18477;0.547293
61;2;32.979464;0.410596
61;3;33.78664;0.328457
61;4;34.492308;0.273782
61;5;35.913628;0.234713
61;6;35.682806;0.205399
61;7;38.17111;0.182677
61;8;39.866478;0.164279
61;9;43.144916;0.149445
61;10;38.440018;0.136925
62;0;31.526644;0.807784
62;1;32.05144;0.538626
62;2;32.640062;0.403896
62;3;33.820382;0.323117
62;4;35.084854;0.269265
62;5;35.78264;0.230927
62;6;35.774034;0.202074
62;7;38.806694;0.179533
62;8;40.566608;0.161639
62;9;42.653818;0.14699
62;10;38.835358;0.134741
63;0;31.370856;0.794734
63;1;32.086662;0.52996
63;2;32.991648;0.397671
63;3;34.05113;0.318077
63;4;35.023388;0.265032
63;5;36.00075;0.22727
63;6;35.832946;0.198824
63;7;38.407456;0.176755
63;8;40.35906;0.159099
63;9;42.990788;0.144699
63;10;38.277334;0.132591
64;0;30.963782;0.782684
64;1;32.048388;0.52156
64;2;32.914708;0.391546
64;3;33.688268;0.313257
64;4;34.67511;0.260998
64;5;36.158092;0.223727
64;6;36.133386;0.195712
64;7;38.299164;0.173977
64;8;40.330726;0.156619
64;9;42.3398;0.142463
64;10;38.912206;0.130525
65;0;31.325826;0.770785
65;1;32.058012;0.513826
65;2;32.87458;0.385271
65;3;33.769506;0.308318
65;4;34.957152;0.256915
65;5;35.660188;0.220284
65;6;36.148756;0.192712
65;7;38.07352;0.171433
65;8;40.050594;0.154309
65;9;42.600886;0.140218
65;10;38.875936;0.128508
66;0;31.259092;0.759185
66;1;32.069112;0.505927
66;2;32.88293;0.379521
66;3;32.922254;0.303658
66;4;34.820416;0.253032
66;5;36.072726;0.216884
66;6;35.732556;0.189774
66;7;38.537726;0.16881
66;8;40.209954;0.151929
66;9;42.83494;0.138036
66;10;37.951356;0.126566
67;0;31.351038;0.747535
67;1;32.056478;0.49836
67;2;32.222628;0.374121
67;3;32.805728;0.299218
67;4;34.384892;0.249332
67;5;35.401246;0.21367
67;6;36.209682;0.186924
67;7;38.01875;0.166199
67;8;39.771;0.149649
67;9;42.791464;0.136009
67;10;38.829568;0.124683
68;0;31.402258;0.736535
68;1;31.997628;0.49116
68;2;32.727332;0.368321
68;3;32.492704;0.294678
68;4;34.80362;0.245732
68;5;35.792926;0.210527
68;6;36.19485;0.184299
68;7;37.534484;0.163855
68;8;40.113094;0.147389
68;9;42.951524;0.134027
68;10;38.194362;0.122958
69;0;31.378652;0.725785
69;1;31.97363;0.484094
69;2;32.755492;0.363046
69;3;33.267236;0.290478
69;4;35.039502;0.242182
69;5;35.911286;0.207542
69;6;35.66741;0.181587
69;7;38.230586;0.161433
69;8;39.973268;0.145279
69;9;42.77959;0.132109
69;10;38.40647;0.121075
70;0;30.989586;0.715786
70;1;31.855018;0.477094
70;2;32.820234;0.357871
70;3;33.507342;0.286278
70;4;34.883636;0.238648
70;5;36.15865;0.204442
70;6;36.038668;0.178924
70;7;38.474296;0.159133
70;8;40.287784;0.143179
70;9;43.596652;0.130272
70;10;38.774474;0.119375
71;0;31.369366;0.705586
71;1;32.00549;0.470227
71;2;32.836926;0.352996
71;3;33.195574;0.282338
71;4;34.145222;0.235282
71;5;35.980806;0.201656
71;6;36.06324;0.176449
71;7;38.146562;0.156855
71;8;40.681524;0.141229
71;9;42.61894;0.128409
71;10;38.699366;0.117675
72;0;30.889898;0.696186
72;1;31.771276;0.463927
72;2;32.812722;0.348147
72;3;33.223976;0.278358
72;4;34.795828;0.231898
72;5;35.289696;0.198856
72;6;36.1394;0.173974
72;7;38.39558;0.15471
72;8;40.550988;0.139229
72;9;43.484968;0.126636
72;10;38.671664;0.116091
73;0;31.27012;0.686436
73;1;32.025432;0.457494
73;2;33.003296;0.343172
73;3;33.238788;0.274678
73;4;35.000092;0.228865
73;5;36.018224;0.196285
73;6;36.003518;0.171649
73;7;37.634402;0.15261
73;8;39.956774;0.137359
73;9;43.098448;0.124927
73;10;38.8001;0.114491
74;0;31.280466;0.676886
74;1;32.047856;0.451327
74;2;32.938908;0.338422
74;3;33.404928;0.270838
74;4;34.725368;0.225732
74;5;35.71802;0.193556
74;6;36.148854;0.169399
74;7;38.502084;0.150533
74;8;39.99475;0.135509
74;9;42.538528;0.123136
74;10;38.553304;0.112916
75;0;30.790524;0.667837
75;1;31.136768;0.445461
75;2;32.772046;0.334172
75;3;32.92806;0.267198
75;4;34.745434;0.222699
75;5;35.832326;0.191099
75;6;35.32162;0.167087
75;7;38.324528;0.148499
75;8;39.94234;0.133689
75;9;42.960162;0.121545
75;10;38.549454;0.111425
76;0;31.304956;0.659187
76;1;31.97431;0.439461
76;2;32.916104;0.329747
76;3;33.180662;0.263718
76;4;34.832712;0.219732
76;5;35.810936;0.188585
76;6;36.132802;0.164899
76;7;38.162272;0.146577
76;8;40.292216;0.131939
76;9;43.053306;0.11989
76;10;38.57025;0.109975
77;0;30.799016;0.650687
77;1;31.909652;0.433694
77;2;33.076042;0.325297
77;3;34.190188;0.260278
77;4;34.769974;0.217032
77;5;35.615944;0.185985
77;6;36.102084;0.162724
77;7;37.492066;0.144699
77;8;39.925566;0.130269
77;9;42.273714;0.118618
77;10;38.559806;0.108525
78;0;31.098706;0.642887
78;1;31.918108;0.428328
78;2;32.822158;0.321297
78;3;34.024082;0.257218
78;4;34.650398;0.214182
78;5;35.306988;0.183585
78;6;36.067766;0.160687
78;7;38.097878;0.142844
78;8;40.199394;0.128569
78;9;42.860562;0.116881
78;10;38.718954;0.107116
79;0;31.3268;0.634487
79;1;31.428728;0.422894
79;2;32.701724;0.317072
79;3;33.570114;0.253758
79;4;34.259898;0.211515
79;5;35.87107;0.181285
79;6;35.591022;0.158674
79;7;38.139818;0.140999
79;8;40.1853;0.126959
79;9;43.215068;0.115345
79;10;37.809502;0.105791
80;0;30.494124;0.626687
80;1;32.069452;0.417594
80;2;32.670512;0.313122
80;3;33.858308;0.250598
80;4;34.768786;0.208849
80;5;35.788592;0.178985
80;6;36.049234;0.156649
80;7;38.201092;0.139255
80;8;40.633096;0.125379
80;9;43.403286;0.113981
80;10;38.618332;0.104516
81;0;30.793224;0.618588
81;1;31.370016;0.412495
81;2;32.626312;0.309272
81;3;34.195648;0.247678
81;4;34.678718;0.206249
81;5;35.841936;0.176785
81;6;35.952084;0.154724
81;7;37.750988;0.137566
81;8;39.980446;0.12376
81;9;42.924492;0.112527
81;10;38.564212;0.103158
82;0;30.781112;0.611088
82;1;32.026068;0.414194
82;2;32.69297;0.305647
82;3;34.071486;0.244538
82;4;34.713148;0.203749
82;5;35.85839;0.17467
82;6;35.990904;0.152837
82;7;38.032812;0.135933
82;8;40.248578;0.12232
82;9;42.448708;0.111181
82;10;38.48772;0.101975
83;0;30.997964;0.603738
83;1;31.95092;0.402428
83;2;32.763796;0.301847
83;3;33.580946;0.241578
83;4;34.39659;0.201365
83;5;35.822314;0.172699
83;6;36.010552;0.151062
83;7;38.078626;0.134211
83;8;39.582328;0.12081
83;9;42.874442;0.109827
83;10;38.540862;0.100725
84;0;30.967032;0.596488
84;1;32.205302;0.398061
84;2;32.68743;0.298422
84;3;34.053812;0.238718
84;4;34.732748;0.198915
84;5;36.00801;0.170542
84;6;35.996486;0.149237
84;7;37.906856;0.132688
84;8;40.514376;0.11938
84;9;42.320648;0.108636
84;10;38.899134;0.09955
85;0;31.13711;0.589388
85;1;31.92805;0.392961
85;2;32.674248;0.294797
85;3;34.185386;0.235898
85;4;34.63662;0.196582
85;5;35.587974;0.168585
85;6;35.479004;0.147449
85;7;38.207364;0.131099
85;8;40.976968;0.11804
85;9;43.145674;0.107327
85;10;38.13284;0.098316
86;0;31.089252;0.582788
86;1;31.868644;0.388495
86;2;32.736972;0.291372
86;3;34.045502;0.233158
86;4;34.550994;0.194349
86;5;35.756908;0.16657
86;6;35.936134;0.145762
86;7;37.91128;0.129622
86;8;40.09834;0.1167
86;9;42.77848;0.106027
86;10;38.476818;0.097183
87;0;31.165214;0.576588
87;1;31.59052;0.384062
87;2;32.497922;0.288572
87;3;33.830372;0.230458
87;4;34.645936;0.191982
87;5;35.725798;0.164628
87;6;35.930206;0.144087
87;7;38.074682;0.128111
87;8;41.105192;0.11526
87;9;42.421424;0.104827
87;10;38.338442;0.0961
88;0;31.415972;0.569289
88;1;32.057104;0.379628
88;2;32.976256;0.284672
88;3;33.988206;0.227798
88;4;34.68553;0.189832
88;5;35.772958;0.16287
88;6;35.402472;0.142437
88;7;38.171426;0.126655
88;8;40.631644;0.11396
88;9;42.955644;0.103636
88;10;38.061394;0.094975
89;0;30.832336;0.563739
89;1;31.807836;0.375328
89;2;32.603804;0.281522
89;3;33.826488;0.225318
89;4;33.93128;0.187699
89;5;35.755364;0.161042
89;6;35.897898;0.140899
89;7;37.61977;0.125244
89;8;40.129726;0.11272
89;9;42.914802;0.102454
89;10;38.473706;0.09395
90;0;31.117732;0.556939
90;1;31.851688;0.371262
90;2;32.194852;0.278522
90;3;33.617398;0.222898
90;4;34.264348;0.185865
90;5;35.749048;0.159185
90;6;35.848406;0.139337
90;7;37.87244;0.123833
90;8;39.79472;0.11146
90;9;42.36115;0.101327
90;10;38.229754;0.092958
91;0;31.16854;0.550789
91;1;31.906064;0.367228
91;2;32.669634;0.275397
91;3;34.151284;0.220438
91;4;34.27183;0.183632
91;5;35.60785;0.157456
91;6;35.929196;0.137762
91;7;38.08895;0.122411
91;8;40.096124;0.11029
91;9;43.142822;0.100254
91;10;38.513812;0.09185
92;0;31.112664;0.544889
92;1;31.20269;0.363295
92;2;32.468984;0.272372
92;3;33.22616;0.217858
92;4;34.625392;0.181599
92;5;35.767034;0.155756
92;6;35.860452;0.136262
92;7;37.936148;0.121155
92;8;40.049072;0.10902
92;9;42.519388;0.099372
92;10;38.441598;0.090875
93;0;31.163772;0.539139
93;1;31.870086;0.359429
93;2;32.594124;0.269472
93;3;34.332908;0.215598
93;4;34.139072;0.179649
93;5;34.748588;0.154113
93;6;35.907568;0.134812
93;7;38.088746;0.119811
93;8;40.35857;0.10783
93;9;43.24494;0.098127
93;10;38.558336;0.089908
94;0;30.623152;0.533139
94;1;31.902114;0.355562
94;2;32.31242;0.266722
94;3;34.110418;0.213558
94;4;34.261274;0.177815
94;5;35.808826;0.152456
94;6;35.921374;0.133362
94;7;38.074312;0.118577
94;8;39.58701;0.1067
94;9;42.591566;0.097036
94;10;38.045602;0.088983
95;0;31.06933;0.527889
95;1;31.402602;0.351729
95;2;32.57954;0.263822
95;3;33.990362;0.211078
95;4;33.749026;0.175915
95;5;35.65833;0.150813
95;6;35.8903;0.131962
95;7;37.9834;0.117355
95;8;39.86893;0.1056
95;9;42.947792;0.0961
95;10;38.327294;0.088008
96;0;31.033374;0.52219
96;1;31.464476;0.348229
96;2;32.697088;0.261097
96;3;33.801358;0.209018
96;4;34.537248;0.174099
96;5;35.660956;0.149299
96;6;35.214886;0.130712
96;7;37.766596;0.116311
96;8;39.965422;0.10458
96;9;42.244674;0.094972
96;10;38.503828;0.0871
97;0;30.573422;0.51674
97;1;31.341292;0.344462
97;2;32.522054;0.258422
97;3;34.161122;0.206818
97;4;34.591386;0.172316
97;5;35.150884;0.147713
97;6;35.61027;0.129287
97;7;37.929338;0.114877
97;8;40.006942;0.10343
97;9;42.747014;0.094063
97;10;38.454476;0.086225
98;0;31.095092;0.51139
98;1;31.728308;0.340962
98;2;32.580784;0.255722
98;3;33.89351;0.204718
98;4;34.010168;0.170499
98;5;35.642178;0.146242
98;6;35.888976;0.127949
98;7;38.024044;0.113766
98;8;40.107442;0.10243
98;9;42.934738;0.093072
98;10;38.769238;0.085308
99;0;31.104792;0.50634
99;1;32.021504;0.337562
99;2;32.58264;0.253147
99;3;33.5024;0.202758
99;4;34.582386;0.168866
99;5;35.726056;0.144799
99;6;35.886556;0.126574
99;7;37.911068;0.112633
99;8;39.446346;0.10137
99;9;43.123142;0.092136
99;10;38.39347;0.084466
